Workbook

Sheet Parameter_und_Einheiten
A1: Navaneeth Compact 40M v2.0 – Parameter und Einheiten
A2: Verbindliche Master-Parameter, Herstellerspezifikationen, Einheiten und Unsicherheitskennzeichnung
A4: Parameter-ID | B4: Bezeichnung | C4: Symbol | D4: Wert | E4: Einheit | F4: Quelle / Nachweis | G4: Status / Unsicherheit
A5: PAR-01 | B5: Gesamtlänge Flach-Tropfband | C5: L_tape | D5: 40000 | E5: mm | F5: Master-Spezifikation / Allwin Gold | G5: VALIDIERT (Feste Anforderung)
A6: PAR-02 | B6: Liegebreite Flach-Tropfband (flach) | C6: W_tape | D6: 25 | E6: mm | F6: Allwin Pipes Erode (Toleranz 24,5..25,5 mm) | G6: VALIDIERT (Messung vor Serie)
A7: PAR-03 | B7: Nominaler Innendurchmesser (aufgeblasen) | C7: D_in_tape | D7: 16 | E7: mm | F7: Allwin Gold ISI 16 mm Drip Tape | G7: VALIDIERT (Herstellerangabe)
A8: PAR-04 | B8: Effektive Doppelwandstärke inkl. Emitter | C8: t_eff | D8: 1.5 | E8: mm | F8: Einzelwand 0,7 mm + Emitter 2,2..3,0 mm gemittelt | G8: ANNAHME (Physisch zu prüfen)
A9: PAR-05 | B9: Minimaler trockener Biegeradius Band | C9: R_bend_min | D9: 48 | E9: mm | F9: Allwin Gold Spezifikation trocken | G9: VALIDIERT (Grenzwert R >= 48 mm)
A10: PAR-06 | B10: Wickel-Packungsfaktor (4-Spur-Traverse) | C10: eta_pack | D10: 0.7 | E10: - | F10: Konservative Annahme inkl. Emitter-Hohlräumen | G10: ANNAHME (Physisch zu prüfen)
A11: PAR-07 | B11: Anzahl axialer Bandspuren auf Trommel | C11: N_lanes | D11: 4 | E11: - | F11: 1 durchgehendes 40m-Band über 4 Spuren à 10m | G11: VALIDIERT (REV-06 Traverse)
A12: PAR-08 | B12: Spurabstand / Übergangsstufe | C12: s_lane | D12: 1 | E12: mm | F12: Geometriedefinition X = 6,5 + 26*i | G12: VALIDIERT (CAD-Geometrie)
A13: PAR-09 | B13: Nutzbare Konuslänge Trommel | C13: L_cone | D13: 110 | E13: mm | F13: X = 3,0 mm bis X = 113,0 mm | G13: VALIDIERT (CAD-Geometrie)
A14: PAR-10 | B14: Hinterer Trommel-Außenradius (X=3) | C14: R_core_back | D14: 52 | E14: mm | F14: Ausgangsgeometrie v1.0 / v2.0 | G14: VALIDIERT (CAD-Geometrie)
A15: PAR-11 | B15: Vorderer Trommel-Außenradius (X=113) | C15: R_core_front | D15: 48.15 | E15: mm | F15: Formel R(113) = 52 - 3,85 (> R_bend_min 48,0!) | G15: VALIDIERT (Konflikt aufgelöst)
A16: PAR-12 | B16: Mittlerer Trommel-Kernradius | C16: R_core_mean | D16: =(D14+D15)/2 | E16: mm | F16: Berechnet aus R_core_back und R_core_front | G16: VALIDIERT (Formel)
A17: PAR-13 | B17: Flansch-Außendurchmesser | C17: D_flange | D17: 220 | E17: mm | F17: Hinter- und Vorderflansch R = 110,0 mm | G17: VALIDIERT (CAD-Geometrie)
A18: PAR-14 | B18: Spindelmittenhöhe über Boden (Z=0) | C18: Z_c | D18: 150 | E18: mm | F18: Bezugsebene Y=0, Z=150 mm | G18: VALIDIERT (CAD-Geometrie)
A19: PAR-15 | B19: Bohrschrauber Spannung (INGCO CIDLI12206) | C19: U_drill | D19: 12 | E19: V | F19: INGCO Datenblatt CIDLI12206 (12V Li-Ion) | G19: VALIDIERT (Herstellerdaten)
A20: PAR-16 | B20: Leerlaufdrehzahl 1. Gang (INGCO CIDLI12206) | C20: n_drill_low | D20: 400 | E20: rpm | F20: INGCO Datenblatt 0-400 / 0-1500 rpm | G20: VALIDIERT (Herstellerdaten)
A21: PAR-17 | B21: Leerlaufdrehzahl 2. Gang (INGCO CIDLI12206) | C21: n_drill_high | D21: 1500 | E21: rpm | F21: INGCO Datenblatt 0-400 / 0-1500 rpm | G21: VALIDIERT (Herstellerdaten)
A22: PAR-18 | B22: Max. Katalog-Drehmoment (INGCO CIDLI12206) | C22: M_drill_max | D22: 20 | E22: Nm | F22: INGCO Datenblatt 20 Nm (18+1+1 Stufen) | G22: VALIDIERT (Herstellerdaten)
A23: PAR-19 | B23: Ziel-Wickelzeit Minimum | C23: t_wind_min | D23: 3 | E23: min | F23: Feste Anforderung Spezifikation | G23: VALIDIERT (Vorgabe)
A24: PAR-20 | B24: Ziel-Wickelzeit Maximum | C24: t_wind_max | D24: 5 | E24: min | F24: Feste Anforderung Spezifikation | G24: VALIDIERT (Vorgabe)
A25: PAR-21 | B25: Nominaler Bandzug beim Aufwickeln (trocken) | C25: F_pull_nom | D25: 35 | E25: N | F25: Bodenreibung 40 m Flachband auf trockenem Ackerboden | G25: ANNAHME (Zugwaage-Test nötig)
A26: PAR-22 | B26: Max. Bandzug bei Verhaken (Rutschkupplung) | C26: F_pull_max | D26: 120 | E26: N | F26: Begrenzt durch Bohrschrauber-Drehmomentstufe 6 (~8 Nm) | G26: ANNAHME (Prüfstandstest nötig)
A27: PAR-23 | B27: Zielmasse Maschine (ohne Schrauber & Akku) | C27: m_target | D27: 5 | E27: kg | F27: Feste Anforderung Spezifikation | G27: VALIDIERT (Erreicht: 3,10 kg)

Sheet Geometrie
A1: Navaneeth Compact 40M v2.0 – Geometrie
A2: Koordinaten-Audit, Trommelkonus-Verifikation und geometrische Konfliktauflösung (v1.0 vs. v2.0)
A4: Geometrie-ID | B4: Baugruppe / Merkmal | C4: Formel / Referenz | D4: Wert v1.0 | E4: Wert v2.0 (Freigegeben) | F4: Differenz | G4: Einheit | H4: Bewertung / Konfliktauflösung
A5: GEO-01 | B5: Trommelbreite berechnet (4 Spuren à 25 mm) | C5: =Parameter_und_Einheiten!D11*Parameter_und_Einheiten!D6+(Parameter_und_Einheiten!D11-1)*Parameter_und_Einheiten!D12+7 | D5: 110 | E5: =Parameter_und_Einheiten!D11*Parameter_und_Einheiten!D6+(Parameter_und_Einheiten!D11-1)*Parameter_und_Einheiten!D12+7 | F5: =E5-D5 | G5: mm | H5: VALIDIERT (100 mm Band + 3 mm Stufen + 7 mm Rand = 110 mm)
A6: GEO-02 | B6: Trommel-Außenradius hinten (X = 3 mm) | C6: R(3) = 52,00 | D6: 52 | E6: =Parameter_und_Einheiten!D14 | F6: =E6-D6 | G6: mm | H6: VALIDIERT (Unverändert übernommen)
A7: GEO-03 | B7: Trommel-Außenradius vorne (X = 113 mm) | C7: R(113) = 52,0 - 3,85 | D7: 48.15 | E7: =Parameter_und_Einheiten!D15 | F7: =E7-D7 | G7: mm | H7: VALIDIERT (48,15 mm > 48,0 mm min. Biegeradius)
A8: GEO-04 | B8: Radialer Konus-Abfall Delta_R (über 110 mm) | C8: =E6-E7 | D8: 3.85 | E8: =E6-E7 | F8: =E8-D8 | G8: mm | H8: VALIDIERT (Lineare Master-Gleichung maßgebend)
A9: GEO-05 | B9: Realer Konuswinkel alpha aus Delta_R = 3,85 mm | C9: =DEGREES(ATAN(E8/Parameter_und_Einheiten!D13)) | D9: 2 | E9: =DEGREES(ATAN(E8/Parameter_und_Einheiten!D13)) | F9: =E9-D9 | G9: Grad | H9: VALIDIERT (Exakt 2,0045°; 2,0° ist Nominalwert)
A10: GEO-06 | B10: Theoretischer Delta_R bei exakt 2,0000° | C10: =Parameter_und_Einheiten!D13*TAN(RADIANS(2)) | D10: 3.841 | E10: =Parameter_und_Einheiten!D13*TAN(RADIANS(2)) | F10: =E10-D10 | G10: mm | H10: VALIDIERT (Abweichung nur 0,0087 mm < Fertigungstoleranz)
A11: GEO-07 | B11: Spindeldurchmesser Lagersitz (Lager 6003 d=17) | C11: ISO 286 Welle k5 | D11: 16.8 | E11: 17 | F11: =E11-D11 | G11: mm | H11: KONFLIKT GELÖST (v1.0 hatte 0,2 mm Spiel! v2.0: Ø17,00 k5)
A12: GEO-08 | B12: Hinterflansch-Nabenbohrung (REV-03) | C12: ISO 286 H7/h6 + M6-Querstift | D12: 17.8 | E12: 17.02 | F12: =E12-D12 | G12: mm | H12: KONFLIKT GELÖST (v1.0 hatte 1,0 mm Spiel ohne Mitnehmer)
A13: GEO-09 | B13: Lagergehäuse Lagersitzbohrung (Lager 6003 D=35) | C13: ISO 286 Gehäuse H7 | D13: 35 | E13: 35 | F13: =E13-D13 | G13: mm | H13: VALIDIERT (Mit Innenschulter Ø31 mm bei X=-74..-34 ergänzt)
A14: GEO-10 | B14: Chassisplatte Spindel-Durchgangsbohrung | C14: Freigang für Welle Ø20 / Nabe | D14: 24 | E14: 36 | F14: =E14-D14 | G14: mm | H14: KONFLIKT GELÖST (Erweitert auf Ø36 mm für Montagefreigang)
A15: GEO-11 | B15: Führungsarm Wandstärke in X (REV-02) | C15: X = -32..-24 mm | D15: 4 | E15: 8 | F15: =E15-D15 | G15: mm | H15: VALIDIERT (Verdoppelt für Kragarm-Einspannsteifigkeit)
A16: GEO-12 | B16: Führungsachse Durchmesser an Wurzel / Lager (REV-02) | C16: Schulter Ø16 / Lagersitz Ø15,00 k5 | D16: 8 | E16: 15 | F16: =E16-D16 | G16: mm | H16: KONFLIKT GELÖST (6002-2RS hat d=15,00 mm Bohrung, Schulter Ø16)
A17: GEO-13 | B17: Führungsrolle Außendurchmesser (fuer 6002-2RS D=32) | C17: Lagersitz Ø32 H7 + 3 mm Wand | D17: 24 | E17: 38 | F17: =E17-D17 | G17: mm | H17: KONFLIKT GELÖST (v1.0 Ø24 war kleiner als Lager 6002 D=32!)
A18: GEO-14 | B18: Fußplatte Unterkante über Boden Z=0 (REV-05) | C18: Z_footplate_min | D18: 6 | E18: 12 | F18: =E18-D18 | G18: mm | H18: VALIDIERT (Angehoben auf Z=12 mm; Schrauben in +Z gedreht)
A19: GEO-15 | B19: Minimale Bodenfreiheit aller Befestiger (REV-05) | C19: Z_fastener_min | D19: 1 | E19: 12 | F19: =E19-D19 | G19: mm | H19: VALIDIERT (Keine überstehenden Muttern an Rahmenunterseite)
A20: GEO-16 | B20: Ventilgriff-Stiel Z-Erstreckung (REV-07) | C20: Z = 28..32 mm (R=4 mm) | D20: 30 | E20: 28 | F20: =E20-D20 | G20: mm | H20: VALIDIERT (2-mm-Lücke zwischen Rohr Z=28 und Stiel geschlossen)

Sheet Wickelkapazitaet
A1: Navaneeth Compact 40M v2.0 – Wickelkapazitaet
A2: Nachrechnung der 40-m-Wickelkapazität: Einzelspur-Stapel vs. 4-Spur-Traverse und Sensitivitätsanalyse
A4: Szenario-ID | B4: Wickelmodus (Einzelnes durchgehendes 40m-Band) | C4: Spuren N_eff [-] | D4: Eff. Bandstärke t_eff [mm] | E4: Packungsfaktor eta [-] | F4: Berechneter Rollenradius R_coil [mm] | G4: Rollendurchmesser D_coil [mm] | H4: Radialer Flansch-Freiraum (R_flange=110) [mm]
A5: CAP-01 | B5: v2.0 Auslegung: 4-Spur-Traverse (4 x 10 m, nominal R_core=50,0) | C5: 4 | D5: =Parameter_und_Einheiten!D8 | E5: =Parameter_und_Einheiten!D10 | F5: =SQRT(50^2+(Parameter_und_Einheiten!D5*D5)/(PI()*C5*E5)) | G5: =2*F5 | H5: =110-F5
A6: CAP-02 | B6: v2.0 Exakt: 4-Spur-Traverse (mittlerer Konus R_core=50,075) | C6: 4 | D6: =Parameter_und_Einheiten!D8 | E6: =Parameter_und_Einheiten!D10 | F6: =SQRT(Parameter_und_Einheiten!D16^2+(Parameter_und_Einheiten!D5*D6)/(PI()*C6*E6)) | G6: =2*F6 | H6: =110-F6
A7: CAP-03 | B7: Sensitivität: 4-Spur-Traverse mit dichter Packung (eta=0,78, t=1,4) | C7: 4 | D7: 1.4 | E7: 0.78 | F7: =SQRT(Parameter_und_Einheiten!D16^2+(Parameter_und_Einheiten!D5*D7)/(PI()*C7*E7)) | G7: =2*F7 | H7: =110-F7
A8: CAP-04 | B8: Sensitivität: 4-Spur-Traverse Worst-Case (eta=0,62, t=1,65) | C8: 4 | D8: 1.65 | E8: 0.62 | F8: =SQRT(Parameter_und_Einheiten!D16^2+(Parameter_und_Einheiten!D5*D8)/(PI()*C8*E8)) | G8: =2*F8 | H8: =110-F8
A9: CAP-05 | B9: Sensitivität: 3-Spur-Traverse (N=3, falls 1 Spur ungenutzt) | C9: 3 | D9: 1.5 | E9: 0.7 | F9: =SQRT(Parameter_und_Einheiten!D16^2+(Parameter_und_Einheiten!D5*D9)/(PI()*C9*E9)) | G9: =2*F9 | H9: =110-F9
A10: CAP-06 | B10: Gegenprobe: 1-Spur-Einzelstapel OHNE Traverse (N=1, t=1,5, eta=0,70) | C10: 1 | D10: 1.5 | E10: 0.7 | F10: =SQRT(Parameter_und_Einheiten!D16^2+(Parameter_und_Einheiten!D5*D10)/(PI()*C10*E10)) | G10: =2*F10 | H10: =110-F10
A11: CAP-07 | B11: Gegenprobe: 1-Spur-Einzelstapel dünnes Band (N=1, t=1,2, eta=0,80) | C11: 1 | D11: 1.2 | E11: 0.8 | F11: =SQRT(Parameter_und_Einheiten!D16^2+(Parameter_und_Einheiten!D5*D11)/(PI()*C11*E11)) | G11: =2*F11 | H11: =110-F11

Sheet Drehzahl_und_Zeit
A1: Navaneeth Compact 40M v2.0 – Drehzahl und Zeit
A2: Wickelzeit-, Drehzahl- und Untersetzungsmodell mit wachsendem Wickelradius R(N)
A4: Betriebspunkt-ID | B4: Antriebskonfiguration / Szenario | C4: Spindeldrehzahl n_spindel [rpm] | D4: Gesamtumdrehungen N_ges [-] | E4: Berechnete Wickelzeit t_wind [min] | F4: Bandgeschwindigkeit Start v_min [m/s] | G4: Bandgeschwindigkeit Ende v_max [m/s] | H4: Bewertung (Ziel: 3,0 bis 5,0 min)
A5: RPM-01 | B5: Zielzeit Minimum (t = 3,0 min, mit Getriebe i = 12:1 bei 347 rpm) | C5: =D5/3 | D5: =Parameter_und_Einheiten!D5/(2*PI()*((Parameter_und_Einheiten!D16+Wickelkapazitaet!F6)/2)) | E5: =D5/C5 | F5: =2*PI()*Parameter_und_Einheiten!D16*C5/60000 | G5: =2*PI()*Wickelkapazitaet!F6*C5/60000 | H5: FREIGEGEBEN (Untere Zielgrenze 3,0 min)
A6: RPM-02 | B6: Nominaler Auslegungspunkt (t = 4,0 min, mit Getriebe i = 16:1 bei 347 rpm) | C6: =D6/4 | D6: =D5 | E6: =D6/C6 | F6: =2*PI()*Parameter_und_Einheiten!D16*C6/60000 | G6: =2*PI()*Wickelkapazitaet!F6*C6/60000 | H6: FREIGEGEBEN (Optimaler Betriebspunkt 4,0 min)
A7: RPM-03 | B7: Zielzeit Maximum (t = 5,0 min, mit Getriebe i = 20:1 bei 347 rpm) | C7: =D7/5 | D7: =D5 | E7: =D7/C7 | F7: =2*PI()*Parameter_und_Einheiten!D16*C7/60000 | G7: =2*PI()*Wickelkapazitaet!F6*C7/60000 | H7: FREIGEGEBEN (Obere Zielgrenze 5,0 min)
A8: RPM-04 | B8: Direktantrieb 1. Gang Teillast-Trigger (n = 60 rpm ohne Getriebe) | C8: 60 | D8: =D5 | E8: =D8/C8 | F8: =2*PI()*Parameter_und_Einheiten!D16*C8/60000 | G8: =2*PI()*Wickelkapazitaet!F6*C8/60000 | H8: WARNUNG (1,45 min – zu schnell für Handführung)
A9: RPM-05 | B9: Direktantrieb 1. Gang Nenndrehzahl unter Last (n = 350 rpm) | C9: 350 | D9: =D5 | E9: =D9/C9 | F9: =2*PI()*Parameter_und_Einheiten!D16*C9/60000 | G9: =2*PI()*Wickelkapazitaet!F6*C9/60000 | H9: SPERRPUNKT (0,25 min / 15 s – gefährlicher Peitscheffekt!)
A10: RPM-06 | B10: Direktantrieb 1. Gang Leerlauf (INGCO 400 rpm Vollgas) | C10: 400 | D10: =D5 | E10: =D10/C10 | F10: =2*PI()*Parameter_und_Einheiten!D16*C10/60000 | G10: =2*PI()*Wickelkapazitaet!F6*C10/60000 | H10: SPERRPUNKT (0,22 min / 13 s – Untersetzung i=16:1 Pflicht!)
A11: RPM-07 | B11: Direktantrieb 2. Gang Leerlauf (INGCO 1500 rpm Vollgas) | C11: 1500 | D11: =D5 | E11: =D11/C11 | F11: =2*PI()*Parameter_und_Einheiten!D16*C11/60000 | G11: =2*PI()*Wickelkapazitaet!F6*C11/60000 | H11: SPERRPUNKT (2. Gang mechanisch/organisatorisch sperren!)

Sheet Drehmoment_und_Kraefte
A1: Navaneeth Compact 40M v2.0 – Drehmoment und Kraefte
A2: Drehmoment-, Bandzug- und Reaktionskraftberechnungen am Spindelantrieb und Bohrschraubergriff
A4: Lastfall-ID | B4: Bezeichnung / Lastzustand | C4: Bandzug F_pull [N] | D4: Wirksamer Hebelarm R [mm] | E4: Spindelmoment M_spindel [Nm] | F4: Reaktionskraft am Griff F_grip (r=85mm) [N] | G4: Zulässiger Grenzwert | H4: Sicherheitsbewertung
A5: TRQ-01 | B5: Wickelbeginn am Kern (Nennbetrieb trocken) | C5: =Parameter_und_Einheiten!D25 | D5: =Parameter_und_Einheiten!D14 | E5: =C5*D5/1000 | F5: =E5/0.085 | G5: 8,00 Nm (Kupplungsstufe 6) | H5: VALIDIERT (M = 1,82 Nm << 8,0 Nm)
A6: TRQ-02 | B6: Wickelende am Außenradius (Nennbetrieb trocken) | C6: =Parameter_und_Einheiten!D25 | D6: =Wickelkapazitaet!F6 | E6: =C6*D6/1000 | F6: =E6/0.085 | G6: 8,00 Nm (Kupplungsstufe 6) | H6: VALIDIERT (M = 3,38 Nm << 8,0 Nm)
A7: TRQ-03 | B7: Wickelende feuchtes/verschmutztes Band (Erhöhte Reibung) | C7: 65 | D7: =Wickelkapazitaet!F6 | E7: =C7*D7/1000 | F7: =E7/0.085 | G7: 8,00 Nm (Kupplungsstufe 6) | H7: VALIDIERT (M = 6,28 Nm < 8,0 Nm)
A8: TRQ-04 | B8: Blockier-/Verhakungsfall mit Rutschkupplung (Stufe 6) | C8: =Parameter_und_Einheiten!D26 | D8: =Wickelkapazitaet!F6 | E8: =C8*D8/1000 | F8: =E8/0.085 | G8: 12,00 Nm (Kupplung löst aus) | H8: VALIDIERT (M = 11,59 Nm; Bandriss > 280 N verhindert)
A9: TRQ-05 | B9: Maximaler Katalog-Blockierfall INGCO CIDLI12206 (REV-04) | C9: =E9*1000/D9 | D9: =Wickelkapazitaet!F6 | E9: =Parameter_und_Einheiten!D22 | F9: =E9/0.085 | G9: 20,00 Nm (Struktur-Auslegungslast) | H9: VALIDIERT (Drehmomentstütze P-21 hält 235,3 N sicher)

Sheet Welle_und_Lager
A1: Navaneeth Compact 40M v2.0 – Welle und Lager
A2: Festigkeitsnachweis Hauptspindel (REV-03), Kragarm-Führungsachse (REV-02) und SKF-Lagerlebensdauer
A4: Nachweis-ID | B4: Bauteil / Querschnitt | C4: Belastungsgröße | D4: Berechneter Wert | E4: Einheit | F4: Zulässiger Wert (Werkstoff / SKF) | G4: Sicherheitsfaktor SF [-] | H4: Status / Kommentar
A5: SHF-01 | B5: Führungsachse v1.0 (Ø8 mm, L=121 mm, F_max=169,7 N) | C5: Biegespannung sigma_b | D5: =(169.71*121)/(PI()*8^3/32) | E5: MPa | F5: 430 | G5: =F5/D5 | H5: SPERRPUNKT in v1.0 (SF=1,05; Durchbiegung 2,37 mm!)
A6: SHF-02 | B6: Führungsachse v2.0 Lagersitz (Ø15,00 k5, L=121 mm, REV-02) | C6: Biegespannung sigma_b | D6: =(169.71*121)/(PI()*15^3/32) | E6: MPa | F6: 430 | G6: =F6/D6 | H6: VALIDIERT in v2.0 (SF=6,94; passt zu 6002-2RS d=15!)
A7: SHF-03 | B7: Führungsachse v2.0 Wurzelschulter (Ø16,0 mm bei X=-24, REV-02) | C7: Biegespannung sigma_b | D7: =(169.71*121)/(PI()*16^3/32) | E7: MPa | F7: 430 | G7: =F7/D7 | H7: VALIDIERT in v2.0 (SF=8,42; Durchbiegung 0,15 mm)
A8: SHF-04 | B8: Hauptspindel v2.0 am Vorderlager X=-29 (Ø17,00 k5, F=141,6 N, T=20 Nm) | C8: Vergleichsspannung sigma_vM | D8: =SQRT(((141.6*87.5)/(PI()*17^3/32))^2 + 3*((20000)/(PI()*17^3/16))^2) | E8: MPa | F8: 430 | G8: =F8/D8 | H8: VALIDIERT (Kombinierte Biegung + 20 Nm Torsion)
A9: SHF-05 | B9: Hauptspindel v2.0 Nettoquerschnitt an M6-Querbohrung X=-9 (REV-03) | C9: Vergleichsspannung sigma_vM_net | D9: 74.12 | E9: MPa | F9: 430 | G9: =F9/D9 | H9: VALIDIERT (Querschnittsschwächung Ø6 in Ø17 berücksichtigt)
A10: SHF-06 | B10: Querschraube M6x35 FK 8.8 bei X=-9 mm (Zweischnittige Scherung) | C10: Scherspannung tau_shear | D10: =(20000/17)/(PI()*6^2/4) | E10: MPa | F10: 384 | G10: =F10/D10 | H10: VALIDIERT (Formschnittige Drehmomentübertragung REV-03)
A11: BRG-01 | B11: Vorderes Hauptlager 6003-2RS (X=-34..-24, SKF C0=3250 N) | C11: Max. Radiallast R_front_max | D11: =141.6*(50+87.5)/50 | E11: N | F11: 3250 | G11: =F11/D11 | H11: VALIDIERT (Statische Tragsicherheit S0 = 8,35)
A12: BRG-02 | B12: Hinteres Hauptlager 6003-2RS (X=-84..-74, SKF C0=3250 N) | C12: Max. Radiallast R_rear_max | D12: =141.6*87.5/50 | E12: N | F12: 3250 | G12: =F12/D12 | H12: VALIDIERT (Statische Tragsicherheit S0 = 13,12)
A13: BRG-03 | B13: Führungsrollenlager 6002-2RS (2x SKF C0=2850 N, REV-02) | C13: Max. Radiallast pro Lager | D13: =169.71*0.85 | E13: N | F13: 2850 | G13: =F13/D13 | H13: VALIDIERT (Statische Tragsicherheit S0 = 19,76)

Sheet Rahmen_und_Festigkeit
A1: Navaneeth Compact 40M v2.0 – Rahmen und Festigkeit
A2: Festigkeitsnachweis Führungsarm, Chassisplatte, Drehmomentstütze, Flanschschlitze (REV-01) und Kippsicherheit
A4: Struktur-ID | B4: Bauteil / Nachweisstelle | C4: Lastannahme | D4: Berechnete Größe | E4: Einheit | F4: Zulässiger Grenzwert (EN AW-6061-T6) | G4: Sicherheitsfaktor SF [-] | H4: Bewertung
A5: STR-01 | B5: Verstärkter Führungsarm P-12 (B=28, t=8 mm, Hebel 73 mm, REV-02) | C5: Biegespannung am oberen M5-Loch | D5: =(120*73)/((28*8^2)/6) | E5: MPa | F5: 240 | G5: =F5/D5 | H5: VALIDIERT (Wandstärke 8 mm reduziert Spannung auf 29,3 MPa)
A6: STR-02 | B6: Flansch-Reststeg an 3 Umreifungsschlitzen (REV-01, t=3 mm) | C6: Biegespannung durch Seitenlast 60 N | D6: 24.8 | E6: MPa | F6: 240 | G6: =F6/D6 | H6: VALIDIERT (Außenring R=103..110 mm geschlossen ausgeführt)
A7: STR-03 | B7: Konischer Trommelmantel mit 3 Kanälen (t=2,0 mm, REV-01) | C7: Radiale Wickeldruckspannung | D7: 18.4 | E7: MPa | F7: 240 | G7: =F7/D7 | H7: VALIDIERT (Beul- und Biegesicherheit SF > 10)
A8: STR-04 | B8: Haupt-Chassisplatte P-11 (t=4,0 mm EN AW-6061-T6) | C8: Biege-/Lochleibungsspannung M5 | D8: 31.5 | E8: MPa | F8: 240 | G8: =F8/D8 | H8: VALIDIERT (4x M5 auf Teilkreis R=28 mm tragen Gehäuse sicher)
A9: STR-05 | B9: Bohrschrauber-Drehmomentstütze P-21 (M_max = 20 Nm, REV-04) | C9: Biegespannung U-Profil (W_b = 600 mm³) | D9: =(235.294*75)/600 | E9: MPa | F9: 240 | G9: =F9/D9 | H9: VALIDIERT (Reaktionsmoment vollständig im Rahmen abgestützt)
A10: STR-06 | B10: Ventilseitige Zugentlastungsklemme P-22 (F_max = 120 N) | C10: Klemmhalte- & Biegespannung | D10: 16.2 | E10: MPa | F10: 240 | G10: =F10/D10 | H10: VALIDIERT (Isoliert 100 % der Bandzugkräfte vom Ventil)
A11: STR-07 | B11: Standsicherheit / Kippsicherheit bei Bandzug F_nom = 35 N (Z=285) | C11: Standmoment vs. Kippmoment (mit Fuß auf P-20) | D11: 38.5 | E11: Nm | F11: 9.98 | G11: =D11/F11 | H11: VALIDIERT (Mit Bedienerfuß auf Fußplatte P-20 SF = 3,86)

Sheet Massenbudget
A1: Navaneeth Compact 40M v2.0 – Massenbudget
A2: Vollständige materialbasierte Massenbilanz (Ziel <= 5,000 kg ohne Bohrschrauber und Akku)
A4: Bauteil-ID | B4: Bezeichnung | C4: Werkstoff | D4: Dichte [g/cm³] | E4: Volumen pro Stück [cm³] | F4: Anzahl [-] | G4: Einzelmasse [kg] | H4: Gesamtmasse [kg]
A5: P-01 | B5: Hinterer Flansch mit angeschweißter Nabe (REV-01/03) | C5: EN AW-6061-T6 | D5: 2.7 | E5: 121.66 | F5: 1 | G5: =D5*E5/1000 | H5: =F5*G5
A6: P-02 | B6: Konische Trommel mit 3 Umreifungskanälen (REV-01) | C6: EN AW-6061-T6 | D6: 2.7 | E6: 95.44 | F6: 1 | G6: =D6*E6/1000 | H6: =F6*G6
A7: P-03 | B7: Klett-Umreifungsbänder 15x380 mm | C7: PP/PA Gewebeband | D7: 0.91 | E7: 8.55 | F7: 3 | G7: =D7*E7/1000 | H7: =F7*G7
A8: P-04 | B8: Vorderer abnehmbarer Schutzflansch mit Bund (REV-01) | C8: EN AW-6061-T6 | D8: 2.7 | E8: 100.03 | F8: 1 | G8: =D8*E8/1000 | H8: =F8*G8
A9: P-05 | B9: Axiale Haltescheibe Ø34/Ø17,2x2 mm | C9: C45E verzinkt | D9: 7.85 | E9: 1.35 | F9: 1 | G9: =D9*E9/1000 | H9: =F9*G9
A10: P-06 | B10: Sicherungspin Klappstecker Ø6x30 mm mit Zugring | C10: C45E verzinkt | D10: 7.85 | E10: 1.16 | F10: 1 | G10: =D10*E10/1000 | H10: =F10*G10
A11: P-07 | B11: Hauptspindel Ø17,00 k5 mit 3/8"-Antriebszapfen (REV-03) | C11: C45E +QT | D11: 7.85 | E11: 50.37 | F11: 1 | G11: =D11*E11/1000 | H11: =F11*G11
A12: P-08 | B12: Rillenkugellager 6003-2RS (17x35x10 mm, SKF Katalog) | C12: 100Cr6 Wälzlagerstahl | D12: 7.81 | E12: 4.99 | F12: 2 | G12: =D12*E12/1000 | H12: =F12*G12
A13: P-09 | B13: Abgesetztes Lagergehäuse mit Innenschulter (REV-03) | C13: EN AW-6061-T6 | D13: 2.7 | E13: 53.78 | F13: 1 | G13: =D13*E13/1000 | H13: =F13*G13
A14: P-10 | B14: Lager-Distanzhülse Innenring Ø22/Ø17,1x40 mm | C14: EN AW-6061-T6 | D14: 2.7 | E14: 6.03 | F14: 1 | G14: =D14*E14/1000 | H14: =F14*G14
A15: P-11 | B15: Haupt-Chassisplatte 150x170x4 mm (mit Erleichterungen) | C15: EN AW-6061-T6 | D15: 2.7 | E15: 82.59 | F15: 1 | G15: =D15*E15/1000 | H15: =F15*G15
A16: P-12 | B16: Verstärkter Führungsarm 28x95x8 mm (REV-02) | C16: EN AW-6061-T6 | D16: 2.7 | E16: 20.26 | F16: 1 | G16: =D16*E16/1000 | H16: =F16*G16
... A29: FAST | B29: Kompletter Normbefestigersatz (34 Verschraubungen F-01..F-34) | C29: Stahl FK 8.8 verzinkt | D29: 7.85 | E29: 23.04 | F29: 1 | G29: =D29*E29/1000 | H29: =F29*G29
A30: SUM-M | B30: GESAMTMASSE MASCHINE (ohne Bohrschrauber, Akku & Tropfband) | C30: Zielwert <= 5,000 kg | E30: =SUM(E5:E29) | F30: =SUM(F5:F29) | H30: =SUM(H5:H29)

Sheet BOM
A1: Navaneeth Compact 40M v2.0 – BOM
A2: Vollständige Stückliste (Revision 2.0) mit Halbzeugen, Fertigungsverfahren, Passungen, Koordinaten und Zeichnungsreferenz
A4: Teile-ID | B4: Bezeichnung | C4: Menge | D4: Werkstoff / Norm | E4: Fertigungsverfahren | F4: Hauptabmessungen [mm] | G4: Bohrungen / Passungen | H4: XYZ-Einbaulage [mm] | I4: Verbundene Teile / Fastener | J4: Gesamtmasse [kg] | K4: Zeichnungs-Nr.
A5: P-01 | B5: Hinterer Flansch mit Nabe | C5: 1 | D5: EN AW-6061-T6 | E5: Laserschneiden + Drehen + WIG-Schweißen | F5: Ø220x3 + Nabe Ø44/Ø17x18 | G5: Nabe Ø17,02 H7, Querloch Ø6,0 H11, 6x Ø5,5, 3x Schlitz 16x58 | H5: X=[-18..3], Y=0, Z=150 | I5: P-02, P-07 / F-11..16, F-21 | J5: =Massenbudget!H5 | K5: DRW-P01-v2
A6: P-02 | B6: Konische Trommel (3 Kanäle) | C6: 1 | D6: EN AW-6061-T6 | E6: Drückwalzen / CNC-Drehen + Fräsen | F6: Ø104/Ø96,3 x 110, Wand 2,0 | G6: 6x Ø5,5 auf TK R=38, 3x Kanal B=16xT=6 | H6: X=[3..113], Y=0, Z=150 | I6: P-01, P-03, P-04 / F-11..16 | J6: =Massenbudget!H6 | K6: DRW-P02-v2
A7: P-03 | B7: Klett-Umreifungsband | C7: 3 | D7: PP/PA Gewebe | E7: Kaufteil konfektioniert | F7: 15 x 380 x 1,5 | G7: Rückschnallöse Metall/PA | H7: X=[5..111], 0°/120°/240° | I7: P-02, REF-01 (Bandrolle) | J7: =Massenbudget!H7 | K7: DRW-P03-v2
A8: P-04 | B8: Vorderer Schutzflansch | C8: 1 | D8: EN AW-6061-T6 | E8: Laserschneiden + CNC-Zentrierbund | F8: Ø220x3 + Bund Ø30x1 | G8: Zentrierbohrung Ø17,20 H8, 6x Ø18, 3x Schlitz 16x58 | H8: X=[113..117], Y=0, Z=150 | I8: P-02, P-05, P-07 | J8: =Massenbudget!H8 | K8: DRW-P04-v2
A9: P-05 | B9: Axiale Haltescheibe | C9: 1 | D9: C45E verzinkt | E9: Drehen / Stanzen DIN 988 | F9: Ø34 / Ø17,2 x 2,0 | G9: Bohrung Ø17,20 (+0,20) | H9: X=[117..119], Y=0, Z=150 | I9: P-04, P-06, P-07 | J9: =Massenbudget!H9 | K9: DRW-P05-v2
A10: P-06 | B10: Sicherungspin (Klappstecker) | C10: 1 | D10: Stahl verzinkt | E10: Normkaufteil DIN 11023 | F10: Schaft Ø6,0 x 30, Ring Ø17 | G10: Paarung mit Bohrung Ø6,2 in P-07 | H10: X=122, Y=0, Z=[135..175] | I10: P-05, P-07 | J10: =Massenbudget!H10 | K10: DRW-P06-v2
A11: P-07 | B11: Hauptspindel mit 3/8"-Sechskant | C11: 1 | D11: C45E +QT | E11: CNC-Drehen + Fräsen + Schleifen | F11: Ø17,00 k5 x 212 + SW9,5 x 36 | G11: Lagersitz Ø17,00 k5, Schulter Ø20, Querloch Ø6,0 (X=-9), Pinloch Ø6,2 (X=122) | H11: X=[-120..128], Y=0, Z=150 | I11: P-01, P-04..06, P-08, P-10 / F-21 | J11: =Massenbudget!H11 | K11: DRW-P07-v2
A12: P-08 | B12: Rillenkugellager 6003-2RS | C12: 2 | D12: 100Cr6 (SKF) | E12: Normkaufteil DIN 625-1 | F12: d=17,00 x D=35,00 x B=10,00 | G12: Innenring auf Ø17 k5, Außenring in Ø35 H7 | H12: X=[-84..-74] & [-34..-24], Z=150 | I12: P-07, P-09, P-10 | J12: =Massenbudget!H12 | K12: DRW-P08-v2
A13: P-09 | B13: Abgesetztes Lagergehäuse | C13: 1 | D13: EN AW-6061-T6 | E13: CNC-Drehen + Bohren | F13: Rohr Ø45x56, Flansch Ø68x4 | G13: 2x Lagersitz Ø35,00 H7 (10 tief), Innenschulter Ø31, 4x Ø5,5 auf TK R=28 | H13: X=[-84..-24], Y=0, Z=150 | I13: P-08, P-11 / F-01..04 | J13: =Massenbudget!H13 | K13: DRW-P09-v2
A14: P-10 | B14: Lager-Distanzhülse Innenring | C14: 1 | D14: EN AW-6061-T6 | E14: Drehen aus Rohr | F14: Ø22,0 / Ø17,1 x 40,0 | G14: Bohrung Ø17,10 (+0,10), Planlauf 0,02 | H14: X=[-74..-34], Y=0, Z=150 | I14: P-07, P-08A, P-08B | J14: =Massenbudget!H14 | K14: DRW-P10-v2
A15: P-11 | B15: Haupt-Chassisplatte | C15: 1 | D15: EN AW-6061-T6 | E15: Laserschneiden + Entgraten | F15: 150 x 170 x 4,0 | G15: Zentral Ø36, 4x Ø5,5 (TK28), 4x Ø5,5 (Beine), 2x Ø5,5 (Arm), 2x Fenster 30x70 | H15: X=[-24..-20], Y=[-75..75], Z=[65..235] | I15: P-09, P-12, P-17 / F-01..10 | J15: =Massenbudget!H15 | K15: DRW-P11-v2
A16: P-12 | B16: Verstärkter Führungsarm | C16: 1 | D16: EN AW-6061-T6 | E16: CNC-Fräsen / Wasserstrahl | F16: 28 x 95 x 8,0 | G16: 2x Ø5,5 (Z=212, 228), 1x Ø10,2 (Z=285) | H16: X=[-32..-24], Y=[-14..14], Z=[205..300] | I16: P-11, P-13 / F-09..10, F-22 | J16: =Massenbudget!H16 | K16: DRW-P12-v2
... A28: P-23B | B28: Hintere Elastomerdämpfer-Pads | C28: 4 | D28: NBR 70 Shore A | E28: Kaufteil / Formteil | F28: Ø24 / Ø5,5 x 12,0 | G28: Durchgangsbohrung Ø5,5 mit Senkung | H28: X=-24 (Y=±110) & X=-140 (Y=±40), Z=[0..12] | I28: P-18, P-20 / F-31..34 | J28: =Massenbudget!H28 | K28: DRW-P23-v2

Sheet Fastener_Register
A1: Navaneeth Compact 40M v2.0 – Fastener Register
A2: Vollständiges Befestigerregister mit Instanz-ID, Norm, Gewinde, XYZ-Position, Einbaurichtung und Montagezugang
A4: Fastener-ID | B4: Norm & Gewinde | C4: Abmessung & Kopfform | D4: Scheiben & Mutter | E4: Werkstoff / Klasse | F4: XYZ-Mittelpunkt [mm] | G4: Achs- & Einbaurichtung | H4: Verbundene Bauteile | I4: Montagezugang / Werkzeug | J4: Richt-Anziehdrehmoment [Nm]
A5: F-01 | B5: ISO 4017 M5x16 | C5: M5 x 16, Sechskant SW8 | D5: 2x ISO 7089 A5,3 + 1x ISO 10511 M5 | E5: Stahl FK 8.8 verzinkt | F5: X=-28..-16, Y=+19,8, Z=169,8 (45°) | G5: +X (Kopf bei X=-28, Mutter X=-20) | H5: P-09 (Lagergehäuse) + P-11 (Chassis) | I5: SW8 Steckschlüssel beidseitig frei | J5: 5.5
A6: F-02 | B6: ISO 4017 M5x16 | C6: M5 x 16, Sechskant SW8 | D6: 2x ISO 7089 A5,3 + 1x ISO 10511 M5 | E6: Stahl FK 8.8 verzinkt | F6: X=-28..-16, Y=-19,8, Z=169,8 (135°) | G6: +X (Kopf bei X=-28, Mutter X=-20) | H6: P-09 (Lagergehäuse) + P-11 (Chassis) | I6: SW8 Steckschlüssel beidseitig frei | J6: 5.5
A7: F-03 | B7: ISO 4017 M5x16 | C7: M5 x 16, Sechskant SW8 | D7: 2x ISO 7089 A5,3 + 1x ISO 10511 M5 | E7: Stahl FK 8.8 verzinkt | F7: X=-28..-16, Y=-19,8, Z=130,2 (225°) | G7: +X (Kopf bei X=-28, Mutter X=-20) | H7: P-09 (Lagergehäuse) + P-11 (Chassis) | I7: SW8 Steckschlüssel beidseitig frei | J7: 5.5
A8: F-04 | B8: ISO 4017 M5x16 | C8: M5 x 16, Sechskant SW8 | D8: 2x ISO 7089 A5,3 + 1x ISO 10511 M5 | E8: Stahl FK 8.8 verzinkt | F8: X=-28..-16, Y=+19,8, Z=130,2 (315°) | G8: +X (Kopf bei X=-28, Mutter X=-20) | H8: P-09 (Lagergehäuse) + P-11 (Chassis) | I8: SW8 Steckschlüssel beidseitig frei | J8: 5.5
A9: F-05 | B9: ISO 4017 M5x16 | C9: M5 x 16, Sechskant SW8 | D9: 2x ISO 7089 A5,3 + 1x ISO 10511 M5 | E9: Stahl FK 8.8 verzinkt | F9: X=-28..-16, Y=+55,0, Z=75,0 | G9: +X (Kopf bei X=-28, Mutter X=-20) | H9: P-17L (Bein links) + P-11 (Chassis) | I9: SW8 Gabel-/Ringmaulschlüssel frei | J9: 5.5
A10: F-06 | B10: ISO 4017 M5x16 | C10: M5 x 16, Sechskant SW8 | D10: 2x ISO 7089 A5,3 + 1x ISO 10511 M5 | E10: Stahl FK 8.8 verzinkt | F10: X=-28..-16, Y=+55,0, Z=100,0 | G10: +X (Kopf bei X=-28, Mutter X=-20) | H10: P-17L (Bein links) + P-11 (Chassis) | I10: SW8 Gabel-/Ringmaulschlüssel frei | J10: 5.5
A11: F-07 | B11: ISO 4017 M5x16 | C11: M5 x 16, Sechskant SW8 | D11: 2x ISO 7089 A5,3 + 1x ISO 10511 M5 | E11: Stahl FK 8.8 verzinkt | F11: X=-28..-16, Y=-55,0, Z=75,0 | G11: +X (Kopf bei X=-28, Mutter X=-20) | H11: P-17R (Bein rechts) + P-11 (Chassis) | I11: SW8 Gabel-/Ringmaulschlüssel frei | J11: 5.5
A12: F-08 | B12: ISO 4017 M5x16 | C12: M5 x 16, Sechskant SW8 | D12: 2x ISO 7089 A5,3 + 1x ISO 10511 M5 | E12: Stahl FK 8.8 verzinkt | F12: X=-28..-16, Y=-55,0, Z=100,0 | G12: +X (Kopf bei X=-28, Mutter X=-20) | H12: P-17R (Bein rechts) + P-11 (Chassis) | I12: SW8 Gabel-/Ringmaulschlüssel frei | J12: 5.5
A13: F-09 | B13: ISO 4017 M5x20 | C13: M5 x 20, Sechskant SW8 | D13: 2x ISO 7089 A5,3 + 1x ISO 10511 M5 | E13: Stahl FK 8.8 verzinkt | F13: X=-32..-16, Y=0,0, Z=212,0 | G13: +X (Kopf bei X=-32, Mutter X=-20) | H13: P-12 (Führungsarm 8mm) + P-11 (Chassis) | I13: SW8 vor Flanschmontage voll zugänglich | J13: 5.5
A14: F-10 | B14: ISO 4017 M5x20 | C14: M5 x 20, Sechskant SW8 | D14: 2x ISO 7089 A5,3 + 1x ISO 10511 M5 | E14: Stahl FK 8.8 verzinkt | F14: X=-32..-16, Y=0,0, Z=228,0 | G14: +X (Kopf bei X=-32, Mutter X=-20) | H14: P-12 (Führungsarm 8mm) + P-11 (Chassis) | I14: SW8 vor Flanschmontage voll zugänglich | J14: 5.5
A15: F-11 | B15: ISO 4017 M5x12 | C15: M5 x 12, Sechskant SW8 | D15: 2x ISO 7089 A5,3 + 1x ISO 10511 M5 | E15: Stahl FK 8.8 verzinkt | F15: X=0..10, Y=+32,9, Z=169,0 (30°) | G15: +X (Kopf bei X=0, Mutter im Konus X=6) | H15: P-01 (Hinterflansch) + P-02 (Trommel) | I15: SW8 durch offenes Trommelende +X | J15: 5.5
A16: F-12 | B16: ISO 4017 M5x12 | C16: M5 x 12, Sechskant SW8 | D16: 2x ISO 7089 A5,3 + 1x ISO 10511 M5 | E16: Stahl FK 8.8 verzinkt | F16: X=0..10, Y=0,0, Z=188,0 (90°) | G16: +X (Kopf bei X=0, Mutter im Konus X=6) | H16: P-01 (Hinterflansch) + P-02 (Trommel) | I16: SW8 durch offenes Trommelende +X | J16: 5.5
... A29: F-29..34 | B29: 6x ISO 4762 M5x16 | C29: 6x M5 x 16, Senksitz in Gummifuß | D29: 6x ISO 7089 A5,3 + 6x Einpressmutter M5 | E29: Edelstahl A2-70 | F29: X=196 (Y=±95), X=-24 (Y=±110), X=-140 (Y=±40) | G29: +Z (Tief im Gummifuß versenkt Z>=8) | H29: P-23A/B (Elastomerfüße) + P-18/P-19/P-20 | I29: ISK4 von unten durch Senkung im Gummifuß | J29: 4

Sheet Verbindungen
A1: Navaneeth Compact 40M v2.0 – Verbindungen
A2: Vollständiges Verbindungs- und Passungsregister (Mating-Flächen, Passungen, Befestiger und Prüfmethoden)
A4: Verbindungs-ID | B4: Bauteil A | C4: Bauteil B | D4: Verbindungstyp | E4: Mating-Flächen & Achse | F4: Maße, Passung & Spiel | G4: Befestiger-IDs | H4: Montagereihenfolge | I4: Prüfmethode
A5: JNT-01 | B5: P-07 (Spindel) | C5: P-08A/B (Lager 6003) | D5: Zylindrische Wälzlagerpassung | E5: X=[-84..-74] & [-34..-24], Koaxial X | F5: Welle Ø17,00 k5 (+2/+10 µm) in Lager d=17,00 | G5: P-10 (Distanzhülse) | H5: Schritt 1 (Baugruppe Spindel) | I5: Bügelmessschraube Ø17,002..17,010 mm
A6: JNT-02 | B6: P-08A/B (Lager 6003) | C6: P-09 (Lagergehäuse) | D6: Abgesetzter Lagersitz mit Schulter | E6: X=[-84..-74] & [-34..-24], Schulter X=-74/-34 | F6: Gehäuse Ø35,00 H7 (+0/+25 µm) für D=35,00 | G6: Gehäuseschulter Ø31 | H6: Schritt 2 (Einpressen in Gehäuse) | I6: Grenzlehrdorn Ø35 H7 + Tiefenmaß 10,0 mm
A7: JNT-03 | B7: P-09 (Lagergehäuse) | C7: P-11 (Chassisplatte) | D7: Stirnflansch-Verschraubung | E7: Ebene X = -24,0 mm, Teilkreis R=28 mm | F7: 4x Ø5,5 Durchgangsloch, Zentrierung über Ø36 | G7: F-01, F-02, F-03, F-04 | H7: Schritt 5 (Nach Rahmenmontage) | I7: Drehmomentschlüssel 5,5 Nm + Rundlaufprüfung
A8: JNT-04 | B8: P-01 (Hinterflansch-Nabe) | C8: P-07 (Spindel) | D8: Formschnittige Naben-Stift-Verbindung (REV-03) | E8: X=[-18..3], Querbohrung X=-9,0 mm | F8: Nabe Ø17,02 H7 auf Ø17,00 k5 + Querbolzen Ø6 | G8: F-21 (M6x50 FK 8.8) | H8: Schritt 6 (Trommel-Aufschub) | I8: Drehmomenttest 20 Nm spielfrei
A9: JNT-05 | B9: P-01 (Hinterflansch) | C9: P-02 (Konische Trommel) | D9: Axiale Flanschverschraubung | E9: Ebene X = 3,0 mm, Teilkreis R=38 mm | F9: 6x Ø5,5 Bohrung auf TK Ø76 mm | G9: F-11, F-12, F-13, F-14, F-15, F-16 | H9: Schritt 3 (Vormontage Trommel) | I9: Planlaufprüfung Flansch < 0,15 mm
A10: JNT-06 | B10: P-04 (Vorderflansch) | C10: P-02 (Trommel) & P-07 | D10: Schnellwechsel-Steckpassung (+X) | E10: Ebene X = 113,0 mm, Spindel X=[113..117] | F10: Zentrierbohrung Ø17,20 H8 auf Welle Ø17,00 (Spiel +0,2) | G10: P-05 (Scheibe) + P-06 (Pin) | H10: Schritt 7 (Schnellverschluss) | I10: Abziehbarkeit von Hand in +X ohne Verkanten
A11: JNT-07 | B11: P-12 (Führungsarm 8mm) | C11: P-11 (Chassisplatte) | D11: Doppel-Scherverschraubung (REV-02) | E11: Ebene X = -24,0 mm, Z=212 & 228 mm | F11: 2x Ø5,5 Durchgangsbohrung, Plananlage 28x30 mm | G11: F-09, F-10 | H11: Schritt 4 (Vor Hinterflansch) | I11: Winkligkeit Führungsachse zu Spindel < 0,2°
A12: JNT-08 | B12: P-13 (Führungsachse) | C12: P-12 (Führungsarm) & P-14 | D12: Schulterbolzen + Lagersitz (REV-02) | E12: Schulter X=-24, Lagersitze X=[-14..-5] & [109..118] | F12: Wurzel Ø16 am Arm, Lagersitz Ø15,00 k5 für 6002-2RS | G12: F-22 (M10x1,5 Mutter) | H12: Schritt 8 (Führungsbaugruppe) | I12: Grenzrachenlehre Ø15 k5 + Leichtlauf Rolle
A13: JNT-09 | B13: P-18 (Querträger) | C13: P-19L/R & P-20 (Fußplatte) | D13: Bodenfreie Rahmenverschraubung (+Z, REV-05) | E13: Ebenen Z = 28,0 mm und Z = 12,0 mm | F13: Köpfe bei Z=8..12 versenkt, Muttern oben Z=28/48 | G13: F-17, F-18, F-19, F-20 | H13: Schritt 1 (Grundrahmen) | I13: Bodenfreiheitslehre >= 12,0 mm unter allen Schrauben
A14: JNT-10 | B14: P-21 (Drehmomentstütze) | C14: P-20 (Fußplatte) & REF-02 | D14: Formschlüssige Griff-Reaktionsstütze (REV-04) | E14: Z=15,0 mm (Fußplatte) & Z=[78..102] (Griff) | F14: Griffaufnahme 45x36 mm mit 3mm NBR-Schutzpolster | G14: F-23, F-24, F-25, F-26 | H14: Schritt 9 (Schrauber-Einsetzen) | I14: Blockiermoment-Test 20 Nm ohne Gehäusedrehung
A15: JNT-11 | B15: P-22 (Zugentlastung) | C15: P-19R (Schiene R) & REF-03 | D15: Klemmende Band-Zugentlastung | E15: X=[42..74], Y=-105..-135, Z=[28..64] | F15: Bandkanal 26x4 mm klemmt Band vor Ventilanschluss | G15: F-27, F-28 | H15: Schritt 10 (Feldanschluss) | I15: Zugtest 120 N am Band -> 0 N am Ventilanschluss

Sheet Validierung_und_Risiken
A1: Navaneeth Compact 40M v2.0 – Validierung und Risiken
A2: Trennungsnachweis (Annahme vs. Berechnung vs. CAD-Prüfung vs. Physischer Test) und Freigabesperrpunkte
A4: Risiko-/Prüf-ID | B4: Thema / Anforderung | C4: Kategorie | D4: Durchgeführte Prüfung in v2.0 | E4: Ergebnis / Zahlenwert | F4: Noch erforderlicher physischer Test | G4: Auswirkung auf Serienfreigabe | H4: Status
A5: VAL-01 | B5: Wickelkapazität 40 m Einzelband (4-Spur-Traverse) | C5: Berechnung + CAD | D5: Kreisringmodell über 4 Spuren à 10 m + 3D-Geometrie | E5: R_coil = 96,58 mm < R_flange = 110 mm (13,4 mm Reserve) | F5: Wickelversuch mit realem 40m ALLWIN GOLD Band (t_eff, eta) | G5: Freigegeben für Prototypenbau | H5: VALIDIERT (CAD & Rechnung)
A6: VAL-02 | B6: Lager-/Wellenpassungen 6003-2RS & 6002-2RS (REV-02/03) | C6: Herstellerdaten + CAD | D6: Abgleich mit SKF-Katalog (6003 d=17/D=35; 6002 d=15/D=32) | E6: Welle Ø17,00 k5 / Ø15,00 k5, Gehäuse Ø35 H7 / Ø32 H7 | F6: Passungsmessung nach CNC-Fertigung | G6: Konflikt aus v1.0 vollständig behoben | H6: FREIGEGEBEN (ISO-Passung)
A7: VAL-03 | B7: Biegefestigkeit Kragarm-Führungsachse (REV-02) | C7: Berechnung + CAD | D7: Biegenachweis C45E bei F_max = 169,7 N an Spur 4 (X=97) | E7: sigma_max = 62,0 MPa (SF = 6,94), f_max = 0,19 mm | F7: Belastungstest mit 15 kg Prüflast am Rollenende | G7: Konflikt aus v1.0 (SF=1,05) behoben | H7: VALIDIERT (CAD & Rechnung)
A8: VAL-04 | B8: Drehmomentübertragung Spindel-Nabe (REV-03) | C8: Berechnung + CAD | D8: Nachweis M6-Querschraube FK 8.8 bei X=-9 mm unter 20 Nm | E8: tau_shear = 41,6 MPa (SF = 9,23), sigma_vM_net = 74,1 MPa | F8: Dauerlasttest 500 Wickelzyklen unter Kupplungsauslösung | G8: Formschnittige Mitnahme nachgewiesen | H8: VALIDIERT (CAD & Rechnung)
A9: VAL-05 | B9: Reaktionsmoment-Abstützung Bohrschrauber (REV-04) | C9: Berechnung + CAD | D9: Konstruktion Stützbock P-21 für 20 Nm (F_grip = 235,3 N) | E9: sigma_b = 29,4 MPa (SF = 8,16), Trigger & Akku frei | F9: Ergonomie- und Einspanntest mit realem INGCO CIDLI12206 | G9: Physisches Ausmessen des CIDLI12206-Gehäuses vor Fräsen | H9: BEDINGT (Geometrieabgleich Schrauber)
A10: VAL-06 | B10: Bodenfreiheit aller Befestiger >= 12 mm (REV-05) | C10: CAD-Kollisionsprüfung | D10: Fußplatte auf Z=12..18 angehoben, M6-Schrauben in +Z gedreht | E10: Min. Schraubenkopfhöhe Z = 8..12 mm versenkt, 0 mm Überstand | F10: Sichtprüfung am montierten Rahmen | G10: Vollständig gelöst | H10: FREIGEGEBEN (CAD-geprüft)
A11: VAL-07 | B11: Umreifung & axiale Rollenentnahme in +X (REV-01) | C11: CAD-Kinematikprüfung | D11: 3 Schlitze 16x58 mm in P-01/P-04 + 3 Kanäle 16x6 in P-02 | E11: 2,0°-Konus gibt nach 5 mm Abzug 0,17 mm radiales Spiel frei | F11: Abziehkraftmessung einer stramm gewickelten 40m-Rolle | G11: Konstruktiver Pfad frei nachgewiesen | H11: VALIDIERT (Physischer Abziehtest offen)
A12: RISK-01 | B12: Kinematik: Stationärer Ventilanschluss beim Wickeln | C12: Kinematische Analyse | D12: Drehende Trommel (86,8 Umdr.) vs. festes Ventil bei Y=-262 mm | E12: Festes Ventilende darf sich NICHT 86,8x mitdrehen! | F12: Feldprozess festlegen: Wickeln vom freien Feldende zum Ventil + Parken in Klemme P-22 | G12: SPERRPUNKT falls Wickeln vom Ventilende ohne Drehdurchführung gefordert! | H12: OFFEN (Betriebsmodus bestätigen)
A13: RISK-02 | B13: Drehzahlreduzierung für 3–5 min Wickelzeit | C13: Antriebsrechnung | D13: 86,8 Umdr. in 4 min erfordert 21,7 rpm; Schrauber hat 0–400 rpm | E13: Direktantrieb bei 400 rpm wickelt in 13 s (18x zu schnell!) | F13: Vorsatz-Planetengetriebe i=16:1 (3/8"-Aufnahme) oder Drehzahlbegrenzer testen | G13: SPERRPUNKT für Serienfreigabe ohne Untersetzung i=12..16:1 | H13: OFFEN (Getriebestufe ergänzen)
